{"metadata":{"asset_id":"2079ac8e-0342-49b4-ab14-b455f0d13b6d","asset_attributes":["notebook"],"name":"SpaceX_exploration_pandas","asset_type":"notebook","created_at":"2023-04-05T23:49:55Z","description":"","origin_country":"us","owner_id":"IBMid-668000V3F0","project_id":"68516007-e3b0-4f13-b225-8c6dd9fe6fa3","size":326665,"tags":["notebook"],"usage":{"last_update_time":1680749762271,"last_updated_at":"2023-04-06T02:56:02Z"}},"entity":{"notebook":{"kernel":{"name":"python3","display_name":"Python 3.10","language":"python"},"originates_from":{"type":"blank"},"runtime":{"environment":"rt222pys2-68516007-e3b0-4f13-b225-8c6dd9fe6fa3"}},"location_definition":{"physical_location_code":"DAL","physical_location_code_assigned_by":"IBMid-668000V3F0","physical_location_code_rds_id":"c57cb90f-2126-3800-9c9f-9eab82021cdf","physical_location_code_rds_version":"00002023-0315-4222-8527-909408000000_3","physical_location_code_assignment_method":"INFERRED","physical_location_code_added_on":"1680648728715"}},"attachments":[{"id":"6de80413-3813-4765-872e-ec22f87cd8c1","version":2,"asset_type":"notebook","name":"attachment for notebook 2079ac8e-0342-49b4-ab14-b455f0d13b6d","description":"attachment for notebook 2079ac8e-0342-49b4-ab14-b455f0d13b6d","mime":"application/json","datasource_type":"193a97c1-4475-4a19-b90c-295c4fdc6517","object_key":"notebook/SpaceX_exploration_pandas_eiNEwUVTk.ipynb","creator_id":"IBMid-668000V3F0","create_time":1680738596306,"size":326665,"is_remote":false,"is_managed":false,"is_referenced":true,"is_object_key_read_only":false,"is_user_provided_path_key":true,"transfer_complete":true,"is_partitioned":false,"complete_time_ticks":1680738596306,"user_data":{},"test_doc":0,"handle":{"bucket":"capstoneibmdsp-donotdelete-pr-00qqlfwsz0bspp","location":"us-south","type":"bluemix_cos","key":"notebook/SpaceX_exploration_pandas_eiNEwUVTk.ipynb","upload_id":"done","max_part_num":1},"usage":{"access_count":42,"last_accessor_id":"IBMid-668000V3F0","last_access_time":1680749762260,"last_updater_id":"IBMid-668000V3F0","last_update_time":1680749762260}}]}
