{"metadata":{"asset_id":"4dbea5c6-7c04-4ebb-9044-413f5474b966","asset_attributes":["notebook"],"name":"SpaceX_wrangling","asset_type":"notebook","created_at":"2023-04-05T21:52:53Z","description":"","origin_country":"us","owner_id":"IBMid-668000V3F0","project_id":"68516007-e3b0-4f13-b225-8c6dd9fe6fa3","size":33210,"tags":["notebook"],"usage":{"last_update_time":1680735043212,"last_updated_at":"2023-04-05T22:50:43Z"}},"entity":{"notebook":{"kernel":{"name":"python3","display_name":"Python 3.10","language":"python"},"originates_from":{"type":"blank"},"runtime":{"environment":"rt222pys2-68516007-e3b0-4f13-b225-8c6dd9fe6fa3"}},"location_definition":{"physical_location_code":"DAL","physical_location_code_assigned_by":"IBMid-668000V3F0","physical_location_code_rds_id":"c57cb90f-2126-3800-9c9f-9eab82021cdf","physical_location_code_rds_version":"00002023-0315-4222-8527-909408000000_3","physical_location_code_assignment_method":"INFERRED","physical_location_code_added_on":"1680648728715"}},"attachments":[{"id":"5bff25fc-a842-4961-8f7e-34f19e5b600d","version":2,"asset_type":"notebook","name":"attachment for notebook 4dbea5c6-7c04-4ebb-9044-413f5474b966","description":"attachment for notebook 4dbea5c6-7c04-4ebb-9044-413f5474b966","mime":"application/json","datasource_type":"193a97c1-4475-4a19-b90c-295c4fdc6517","object_key":"notebook/SpaceX_wrangling_1kPNslh6N.ipynb","creator_id":"IBMid-668000V3F0","create_time":1680731574829,"size":33210,"is_remote":false,"is_managed":false,"is_referenced":true,"is_object_key_read_only":false,"is_user_provided_path_key":true,"transfer_complete":true,"is_partitioned":false,"complete_time_ticks":1680731574829,"user_data":{},"test_doc":0,"handle":{"bucket":"capstoneibmdsp-donotdelete-pr-00qqlfwsz0bspp","location":"us-south","type":"bluemix_cos","key":"notebook/SpaceX_wrangling_1kPNslh6N.ipynb","upload_id":"done","max_part_num":1},"usage":{"access_count":11,"last_accessor_id":"IBMid-668000V3F0","last_access_time":1680734465795,"last_updater_id":"IBMid-668000V3F0","last_update_time":1680734465795}}]}
